Fund Name,P1,P2,P3,P4,P5,Topsis Score,Rank
M1,0.67,0.45,4.8,48.2,13.53,0.5400256268215303,2
M2,0.66,0.44,7.0,30.9,9.75,0.5079095772224339,4
M3,0.89,0.79,4.4,43.0,12.27,0.336125924236045,7
M4,0.82,0.67,3.7,45.4,12.65,0.3414644454184598,6
M5,0.83,0.69,3.4,62.5,16.86,0.5142492345068594,3
M6,0.86,0.74,3.6,38.2,10.85,0.22837275832328785,8
M7,0.68,0.46,6.0,48.0,13.79,0.6352613591575579,1
M8,0.68,0.46,4.2,49.6,13.74,0.5065691968497287,5
